,brewID,brewery,address,city,state,neighborhood,website,features,coord,coord2,inChicago,latitude,longitude,hasTapRoom,hasTour,hasKitchen,untappdURL
0,1hd3,18th Street Brewery – Hammond,5417 N. Oakley Ave.,Hammond,IN,,http://www.18thstreetbrewery.com/,kitchen & beer,"-87.517525,41.6156",98416802.0,no,41.6156,-87.517525,no,no,yes,https://untappd.com/18thStreetBrewery
1,1hy5,18th Street Brewery – Gary,5725 Miller Ave.,Gary,IN,,http://www.18thstreetbrewery.com/,kitchen & beer,"-87.26886,41.599365",98428122.0,no,41.599365,-87.26886,no,no,yes,https://untappd.com/18thStreetBrewery
2,2W.3,25 West Brewing Co.,2 Stratford Dr.,Bloomingdale,IL,,https://www.facebook.com/25WestBrew/,,"-88.11923,41.950455",112710728.0,no,41.950455,-88.11923,no,no,no,https://untappd.com/w/25-west-brewing-co/391402
3,3 .2,350 Brewing Co.,7144 W. 183rd St.,Tinley Park,IL,,https://350brewing.com,kitchen & beer,"-87.791595,41.55857",638598086.0,no,41.55857,-87.791595,no,no,yes,https://untappd.com/350Brewing
4,3l.6,3 Floyds Brewing Co.,9750 Indiana Pkwy.,Munster,IN,,http://www.3floyds.com/,"kitchen & beer, tour","-87.515755,41.536514",98443594.0,no,41.536514000000004,-87.515755,no,yes,yes,https://untappd.com/3floyds
5,5aa5,5 Rabbit Cervecería,6399 W. 74th St.,Bedford Park,IL,,http://www.5rabbitbrewery.com,tour,"-87.78018,41.757576",111811263.0,no,41.757576,-87.78018,no,yes,no,https://untappd.com/5Rabbit
6,5tg3,51st Ward Brewing,,Westmont,IL,,https://twitter.com/51stwardbeer,,,,no,,,no,no,no,https://untappd.com/51stWardBeer
7,9 .8,9th Hour Brewing Co.,,Lindenhurst,IL,,http://www.9thhourbrewing.com/,,,,no,,,no,no,no,https://untappd.com/9thHourBrewing
8,A .6,All Rise Brewing Co.,235 N. Ashland Ave.,Chicago,IL,West Loop,https://www.facebook.com/allrisebrewing,kitchen & beer,"-87.667,41.886288",111765451.0,yes,41.886288,-87.667,no,no,yes,https://untappd.com/AllRiseBrewing
9,Ae.6,Afterthought Brewing Co.,844 N. Ridge Ave.,Lombard,IL,,https://www.facebook.com/afterthoughtbrewing/,,"-88.022255,41.905796",638205695.0,no,41.905796,-88.022255,no,no,no,https://untappd.com/AfterthoughtBrewing
10,Ae.9,Alter Brewing Co.,2300 Wisconsin Ave.,Downers Grove,IL,,http://www.alterbrewing.com/,tap room,"-88.041275,41.789803",112533248.0,no,41.789803000000006,-88.041275,yes,no,no,https://untappd.com/AlterBrewing_Company
11,Aeg6,Andersonville Brewing,5402 N. Clark St.,Chicago,IL,Andersonville,http://hamburgermarys.com/chicago/brewing/,kitchen & beer,"-87.6683,41.980015",111761212.0,yes,41.980015,-87.6683,no,no,yes,https://untappd.com/AndersonvilleBrewing
12,Aig2,Ancient Owl Brewing,,Lombard,IL,,http://ancientowlbrewing.com,,,,no,,,no,no,no,https://untappd.com/AncientOwlBrewing
13,ALb1,ALULU Brewpub,2011 S. Laflin St.,Chicago,IL,Pilsen,http://www.alulubrew.com/,kitchen & beer,"-87.66367,41.854782",111803409.0,yes,41.854782,-87.66367,no,no,yes,https://untappd.com/ALULUBrewPub
14,Amn5,Aleman,3304 N. Knox Ave.,Chicago,IL,Belmont Cragin,https://www.facebook.com/pages/Aleman-Brewing/264505396906121,,"-87.74291,41.940903",111755976.0,yes,41.940903000000006,-87.74291,no,no,no,https://untappd.com/Aleman
15,Ao.5,Arrowhead Ales Brewing Co.,2101 Calistoga Dr.,New Lenox,IL,,http://arrowheadales.com/home/,kitchen & beer,"-87.95716,41.482044",641298602.0,no,41.482044,-87.95716,no,no,yes,https://untappd.com/ArrowheadAles
16,Arg6,Alarmist Brewing,4055 W. Peterson Ave.,Chicago,IL,North Park,http://alarmistbrewing.com,tap room,"-87.73135,41.990097",636322558.0,yes,41.990097,-87.73135,yes,no,no,https://untappd.com/AlarmistBrewing
17,Au.6,Around the Bend Beer Co.,825 E. 99th St.,Chicago,IL,Pullman,http://aroundthebendbeer.com/,,"-87.60476,41.714752",605518775.0,yes,41.714752000000004,-87.60476,no,no,no,https://untappd.com/ATB
18,Auy6,Argus Brewery,11314 S. Front Ave.,Chicago,IL,Roseland,http://www.argusbrewery.com,tour,"-87.61184,41.688385",605517958.0,yes,41.688385,-87.61184,no,yes,no,https://untappd.com/ArgusBrewery
19,Ba.7,Byway Brewing Co.,2825 Carlson Dr.,Hammond,IN,,http://www.bywaybrewing.beer,kitchen & beer,,,no,,,no,no,yes,https://untappd.com/BywayBrewingCompany
20,Baw10,Bosacki's Home Brew,610 E. Hawley St.,Mundelein,IL,,http://www.bosackishomebrew.com/#!home/mainPage,tap room,"-87.99546,42.270542",119636660.0,no,42.270542,-87.99546,yes,no,no,https://untappd.com/BosackisHomeBrew
21,BBm6,BBGB Brewery & Hop Farm,2000 W Orchard Rd.,North Aurora,IL,,https://www.facebook.com/bbgbbrewery/,kitchen & beer,,,no,,,no,no,yes,https://untappd.com/BBGBBreweryHopFarm
22,Bc.1,Black Horizon Brewing Co.,7560 S. Quincy St.,Willowbrook,IL,,https://www.blackhorizonbrewing.com/,tap room,"-87.94184,41.751392",112552443.0,no,41.751391999999996,-87.94184,yes,no,no,https://untappd.com/BlackHorizonBrewingCompany
23,Bda4,Band of Bohemia,4710 N. Ravenswood,Chicago,IL,Ravenswood,http://www.bandofbohemia.com/,kitchen & beer,"-87.674675,41.967216",605188732.0,yes,41.967216,-87.674675,no,no,yes,https://untappd.com/w/band-of-bohemia/201836
24,Bdy2,Bold Dog Beer Company,4727 W. Montrose Ave.,Chicago,IL,Irving Park,http://bolddogbeerco.com/,,"-87.74621,41.960735",111755225.0,yes,41.960735,-87.74620999999999,no,no,no,https://untappd.com/BoldDogBeerCo
25,Be.9,Blue Island Brewing Co.,13357 Old Western Ave.,Blue Island,IL,,http://blueislandbeerco.com,tap room,"-87.68005,41.650917",111826445.0,no,41.650917,-87.68005,yes,no,no,https://untappd.com/w/blue-island-beer-company/120917
26,Beu1,Baderbräu,2515 S. Wabash,Chicago,IL,Bronzeville,http://www.baderbrau.com,"kitchen & beer, tour","-87.62535,41.846867",111829027.0,yes,41.846866999999996,-87.62535,no,yes,yes,https://untappd.com/baderbrau
27,Bey6,Blue Nose Brewery,6119 East Ave.,Hodgkins,IL,,http://bluenosebrewery.com,tap room,"-87.85844,41.778942",605630300.0,no,41.778942,-87.85844,yes,no,no,https://untappd.com/BlueNoseAdmin
28,Bfg6,Buffalo Creek Brewing,360 Historical Ln.,Long Grove,IL,,http://www.buffalocreekbrewing.com/,tap room,"-87.99785,42.177242",119705469.0,no,42.177242,-87.99785,yes,no,no,https://untappd.com/BuffaloCreekBrewing
29,Bgs1,Banging Gavel Brews,17400 Oak Park Ave.,Tinley Park,IL,,http://bangingavel.com,,"-87.78436,41.574974",111702493.0,no,41.574974,-87.78435999999999,no,no,no,https://untappd.com/bangingavel
30,Bgy1,Berghoff Brewery,,Chicago,IL,West Town,http://berghoffbeer.com,,,,no,,,no,no,no,https://untappd.com/BerghoffBeer
31,Biy3,Bixi Brewery,2515 N. Milwaukee Ave.,Chicago,IL,Logan Square,https://www.facebook.com/john.tolley3/posts/10204820306484631,,"-87.70393,41.92695",605194680.0,yes,41.92695,-87.70393,no,no,no,
32,Bkg3,BuckleDown Brewing,8699 W 47th St.,Lyons,IL,,http://buckledownbrewing.com,tap room,,,no,,,yes,no,no,https://untappd.com/BuckleDownBrewing
33,Bkg6,Bucket List Brewing,,Chicago,IL,,https://www.facebook.com/BucketListBrewing,,,,no,,,no,no,no,https://untappd.com/BucketListBrewingCompany
34,Bl.9,Bulldog Brewing Co.,1409 119th St.,Whiting,IN,,http://www.bulldogbrewingco.com,kitchen & beer,"-87.49513,41.67938",98416027.0,no,41.67938,-87.49513,no,no,yes,https://untappd.com/BulldogBrewingCoIndiana
35,Blt9,Ballast Point,833 West Fulton Market,Chicago,IL,West Loop,https://www.ballastpoint.com/locations/,kitchen & beer,"-87.648796,41.88678",111767942.0,yes,41.88678,-87.64879599999999,no,no,yes,https://untappd.com/BallastPoint
36,Bnb5,Burnt City Brewing – Brewpub,2747 N. Lincoln Ave.,Chicago,IL,Lincoln Park,https://atlasbeer.com/,kitchen & beer,"-87.65739,41.931618",111764440.0,yes,41.931618,-87.65739,no,no,yes,https://untappd.com/BurntCity
37,Bng2,Burnt City Brewing,825 E. 99th St.,Chicago,IL,Roseland,https://atlasbeer.com/,,"-87.60476,41.714752",605518775.0,yes,41.714752000000004,-87.60476,no,no,no,https://untappd.com/BurntCity
38,Bro7,Birreria Chicago,43 East Ohio St.,Chicago,IL,River North,http://www.eataly.com/chicago-birreria/,kitchen & beer,"-87.6266,41.892498",111769042.0,yes,41.892497999999996,-87.6266,no,no,yes,https://untappd.com/BirreriaEatalyChicago
39,By.7,Begyle Brewing Co.,1800 W. Cuyler St.,Chicago,IL,North Center,http://www.begylebrewing.com/home/,"tap room, tour","-87.675095,41.955154",111761717.0,yes,41.955154,-87.675095,yes,yes,no,https://untappd.com/BegyleBrewing
40,Ccy10,Chicago Beer Company,,Chicago,IL,West Loop,http://www.chicagobeerco.com,,,,no,,,no,no,no,https://untappd.com/chicagobeerco
41,Ce.9,Cademon Brewing Co.,217 W. Main St.,Genoa,IL,,http://www.cademon.com,,"-88.69367,42.09737",52266288.0,no,42.09737,-88.69367,no,no,no,https://untappd.com/CademonBrewing
42,Cog4,Cahoots Brewing,,Oak Park,IL,,http://www.cahootsbrewing.com,,,,no,,,no,no,no,https://untappd.com/CahootsBrewing
43,Crg5,Church Street Brewing,1480 Industrial Dr. Unit C,Itasca,IL,,http://www.churchstreetbrew.com,tap room,"-87.99516,41.970863",222441158.0,no,41.970863,-87.99516,yes,no,no,https://untappd.com/ChurchStreetBrewingCo
44,Crs8,Corridor Brewery & Provisions,3446 N. Southport Ave.,Chicago,IL,Lakeview,https://www.facebook.com/corridorchicago?fref=ts,kitchen & beer,"-87.663956,41.94457",111762279.0,yes,41.94457,-87.663956,no,no,yes,https://untappd.com/CorridorBrewery
45,Csg7,Crystal Lake Brewing,150 N. Main St.,Crystal Lake,IL,,http://www.crystallakebrew.com,tap room,"-88.31612,42.246098",119821110.0,no,42.246097999999996,-88.31612,yes,no,no,https://untappd.com/CrystalLakeBrewery
46,Cwg5,Crown Brewing,211 S. East St.,Crown Point,IN,,https://twitter.com/crownbrewing,kitchen & beer,"-87.363205,41.416508",98432843.0,no,41.416508,-87.36320500000001,no,no,yes,https://untappd.com/crownbrewing
47,Cza3,Cruz Blanca,900 W. Randolph St.,Chicago,IL,West Loop,https://twitter.com/cruzblancachi,kitchen & beer,"-87.649956,41.884483",605287188.0,yes,41.884483,-87.649956,no,no,yes,https://untappd.com/CruzBlancaChi
48,D s10,Dry City Brew Works,120B N. Main St.,Wheaton,IL,,http://www.drycitybrewworks.com/,tap room,"-88.106636,41.865192",112529287.0,no,41.865192,-88.106636,yes,no,no,https://untappd.com/DryCity
49,Dey10,Dovetail Brewery,1800 W. Belle Plaine Ave.,Chicago,IL,North Center,http://www.dovetailbrewery.com/,"tap room, tour","-87.67433,41.95605",111761731.0,yes,41.95605,-87.67433,yes,yes,no,https://untappd.com/DovetailBrewery
50,DHs8,DryHop Brewers,3155 N. Broadway Ave.,Chicago,IL,Lakeview,http://www.dryhopchicago.com,"kitchen & beer, tour","-87.64437,41.939335",605197507.0,yes,41.939335,-87.64437,no,yes,yes,https://untappd.com/DryHopBrewers
51,DLr6,D. Litch's Beer,1139 Wilmette Ave.,Wilmette,IL,,https://www.facebook.com/dlitchsbeer/,,"-87.70584,42.07788",616790126.0,no,42.07788,-87.70584000000001,no,no,no,https://untappd.com/DLitchsBeer
52,Ee.9,Elder Brewing Co.,218 E. Cass St,Joliet,IL,,https://www.elderbrewingco.com/,tap room,"-88.07667,41.527912",111541648.0,no,41.527912,-88.07667,yes,no,no,https://untappd.com/ElderBrewing
53,Eee4,Emmett's Brewing Co. – Palatine,110 N. Brockway St.,Palatine,IL,,http://www.emmettsalehouse.com/,kitchen & beer,"-88.046196,42.113216",111695759.0,no,42.113215999999994,-88.046196,no,no,yes,https://untappd.com/EmmettsBrewingCo
54,Eee6,Emmett's Brewing Co. – Downers Grove,5200 Main St.,Downers Grove,IL,,http://www.emmettsalehouse.com/,kitchen & beer,"-88.01025,41.7931",112701103.0,no,41.7931,-88.01025,no,no,yes,https://untappd.com/EmmettsBrewingCo
55,Eee9,Emmett's Brewing Co. – West Dundee,128 W. Main St.,West Dundee,IL,,http://www.emmettsalehouse.com/,kitchen & beer,"-88.27768,42.09813",119500593.0,no,42.09813,-88.27768,no,no,yes,https://untappd.com/EmmettsBrewingCo
56,Een1,Emmett's Brewing Co. – Wheaton,121 W. Front St.,Wheaton,IL,,https://emmettsbrewingco.com/,kitchen & beer,"-88.10703,41.864864",112529289.0,no,41.864864000000004,-88.10703000000001,no,no,yes,https://untappd.com/EmmettsBrewingCo
57,Eh.2,Elmhurst Brewing Co.,171 N Addison Ave.,Elmhurst,IL,,http://elmhurstbrewingcompany.com/,kitchen & beer,"-87.94157,41.9028",112545040.0,no,41.9028,-87.94157,no,no,yes,https://untappd.com/ElmhurstBrewingCompany
58,Eib9,Empirical Brewery – Brewpub,1328 W. Morse Ave.,Chicago,IL,Rogers Park,http://www.empiricalbrewery.com/brew-pub/,kitchen & beer,"-87.66472,42.007935",605265563.0,yes,42.007934999999996,-87.66471999999999,no,no,yes,https://untappd.com/EmpiricalBrewery
59,Eiy3,Empirical Brewery,1801 W. Foster Ave.,Chicago,IL,Ravenswood,http://empiricalbrewery.com,tap room,"-87.67545,41.976086",605185579.0,yes,41.976085999999995,-87.67545,yes,no,no,https://untappd.com/EmpiricalBrewery
60,El.6,Evil Horse Brewing Co.,1336 Main St.,Crete,IL,,https://www.facebook.com/Evil-Horse-Brewing-Company-1425006197800364/?fref=nf,tap room,"-87.63133,41.445038",111553122.0,no,41.445038000000004,-87.63133,yes,no,no,https://untappd.com/EvilHorseBrewing
61,Els10,Englewood Brews,63rd St. & Halsted,Chicago,IL,Englewood,https://www.facebook.com/englewoodbrews/,,,,yes,,,no,no,no,
62,Erg10,Energy City Brewing,2 1/2 West Wilson Street,Batavia,IL,,https://www.energycitybrewing.com/,Limited Bottle Shop,"-88.30913,41.84997",119584025.0,no,41.84997,-88.30913000000001,no,no,no,https://untappd.com/EnergyCityBrewing
63,Ese6,Eris Brewery & Ciderhouse,4240 W. Irving Park Rd.,Chicago,IL,Irving Park,http://erischicago.tumblr.com,kitchen & beer,"-87.73432,41.95358",605187163.0,yes,41.95358,-87.73432,no,no,yes,https://untappd.com/Eris_Brewery_And_Cider_House
64,Et.1,Exit Strategy Brewing Co.,7700 W Madison,Forest Park,IL,,http://www.exitstrategybrewing.com/home,kitchen & beer,"-87.81695,41.879395",111754555.0,no,41.879395,-87.81695,no,no,yes,https://untappd.com/ESBC
65,Fbt7,Forbidden Root,1746 W. Chicago Ave.,Chicago,IL,West Town,http://forbiddenroot.com,kitchen & beer,"-87.67113,41.896015",111764903.0,yes,41.896015000000006,-87.67113,no,no,yes,https://untappd.com/ForbiddenRoot
66,Fc.4,Finch Beer Co.,1800 W. Walnut St.,Chicago,IL,Near West Side,http://www.finchbeer.com/,,"-87.67207,41.886055",111765034.0,yes,41.886055,-87.67206999999999,no,no,no,https://untappd.com/finchbeer
67,Fpy4,Flapjack Brewery,6833 Stanley Ave.,Berwyn,IL,,http://www.flapjackbrewery.com,kitchen & beer,"-87.7943,41.83336",111794718.0,no,41.83336,-87.7943,no,no,yes,https://untappd.com/flapjackbrewery
68,Fs.2,Flossmoor Station Brewing Co.,1035 Sterling Ave.,Flossmoor,IL,,http://www.flossmoorstation.com/brewery,kitchen & beer,"-87.67878,41.54344",111709823.0,no,41.543440000000004,-87.67878,no,no,yes,https://untappd.com/FlossmoorBrewCo
69,Fsg2,Flesk Brewing,200 Applebee St. Suite E,Barrington,IL,,http://www.fleskbrewing.com,tap room,"-88.13828,42.155685",119635237.0,no,42.155685,-88.13828000000001,yes,no,no,https://untappd.com/FleskBrewingCompany
70,FSg5,FIBS Brewing,260 Howard Avenue,Des Plaines,IL,,http://www.fibsbrewing.com/,,"-87.91719,42.015827",605628024.0,no,42.015827,-87.91719,no,no,no,
71,Ga.10,Great Central Brewing Co.,221 N Wood St.,Chicago,IL,Near West Side,http://www.chicagobusiness.com/realestate/20150812/CRED03/150819948/two-new-breweries-joining-goose-island-on-near-west-side,tap room,"-88.20681,41.881145",112516102.0,yes,41.881145000000004,-88.20681,yes,no,no,https://untappd.com/GreatCentralBrewingCompany
72,Ge.6,Greenstar Brewing Co.,3800 N. Clark St.,Chicago,IL,Lakeview,http://www.uncommonground.com/pages/beer/27.php,"kitchen & beer, tour","-87.6597,41.951145",111891566.0,yes,41.951145000000004,-87.6597,no,yes,yes,https://untappd.com/GreenstarBrewing
73,Gne10,Granite City Brewery - Naperville,1828 Abriter Ct.,Naperville,IL,,http://www.gcfb.net/locations/il,kitchen & beer,"-88.1293,41.802856",112675914.0,no,41.802856,-88.1293,no,no,yes,https://untappd.com/gcfb
74,Gng10,Granite City Brewery - Schaumburg,801 Plaza Dr.,Schaumburg,IL,,http://www.gcfb.net/locations/il,kitchen & beer,"-88.042885,42.04357",111697901.0,no,42.04357,-88.042885,no,no,yes,https://untappd.com/gcfb
75,Gnk10,Granite City Brewery - Orland Park,14035 S. La Grange Rd.,Orland Park,IL,,http://www.gcfb.net/locations/il,kitchen & beer,"-87.85402,41.63614",638644893.0,no,41.636140000000005,-87.85401999999999,no,no,yes,https://untappd.com/gcfb
76,Go.7,Gino's East Brewing Co.,500 N. LaSalle St.,Chicago,IL,River North,http://ginoseastrivernorth.com/,kitchen & beer,,,yes,,,no,no,yes,https://untappd.com/GinosEast
77,Gs.2,Goose Island Beer Co.,1800 W. Fulton St.,Chicago,IL,Near West Side,http://www.gooseisland.com/,"tap room, tour","-87.6721,41.886852",111765032.0,yes,41.886852000000005,-87.6721,yes,yes,no,https://untappd.com/gooseisland
78,Gse7,Goose Island Brewhouse,1800 N. Clybourn St.,Chicago,IL,Lincoln Park,http://www.gooseislandbrewpubs.com,"kitchen & beer, tour","-87.65356,41.9138",111764661.0,yes,41.9138,-87.65356,no,yes,yes,https://untappd.com/GooseIslandBrewpubs
79,H d7,Hop Butcher for the World,,Darien,IL,,http://www.hopbutcher.com/,,,,no,,,no,no,no,https://untappd.com/HopButcher
80,Hbo3,Hofbräuhaus Chicago,5500 Park Pl.,Rosemont,IL,,http://www.hofbrauhauschicago.com,kitchen & beer,,,no,,,no,no,yes,https://untappd.com/w/staatliches-hofbra-uhaus-ma-1-4-nchen/5566
81,Heg8,Hopewell Brewing,2760 N. Milwaukee Ave.,Chicago,IL,Logan Square,http://hopewellbrewing.com/,tap room,"-87.711205,41.931347",111758924.0,yes,41.931346999999995,-87.711205,yes,no,no,https://untappd.com/HopewellBrewingCo
82,Hf.6,Half Day Brewing Co.,200 Village Green,Lincolnshire,IL,,http://halfdaybrewing.com/,kitchen & beer,,,no,,,no,no,yes,https://untappd.com/HalfDayBrewing
83,Hf.7,Half Acre Beer Co.,2050 W. Balmoral Ave.,Chicago,IL,Bowmanville,http://chicago.curbed.com/archives/2014/05/15/half-acre-eyes-bowman-for-new-brewery-and-beer-garden.php,tap room,"-87.68086,41.979652",605185676.0,yes,41.979652,-87.68086,yes,no,no,https://untappd.com/halfacrebeerco
84,Hfm3,Half Acre Beer Co. – Taproom,4257 N. Lincoln Ave.,Chicago,IL,North Center,http://halfacrebeer.com,"tap room, tour","-87.682236,41.959126",629477625.0,yes,41.959126,-87.682236,yes,yes,no,https://untappd.com/halfacrebeerco
85,Hl.2,Hailstorm Brewing Co.,8060 186th St.,Tinley Park,IL,,http://www.hailstormbrewing.com,tap room,"-87.81428,41.553066",111593063.0,no,41.553065999999994,-87.81428000000001,yes,no,no,https://untappd.com/HailstormBrewingCo
86,Hmy1,Haymarket Pub & Brewery,737 W. Randolph St.,Chicago,IL,West Loop,http://www.haymarketbrewing.com,kitchen & beer,"-87.6469,41.884293",605278192.0,yes,41.884293,-87.6469,no,no,yes,https://untappd.com/haymarket
87,Ho.10,Hopothesis Beer Co.,730 W. Randolph St.,Chicago,IL,West Loop,http://www.hopothesis.com,,"-87.64679,41.884537",605287164.0,yes,41.884537,-87.64679,no,no,no,https://untappd.com/Hopothesis
88,Hsw9,Horse Thief Hollow,10426 S. Western Ave.,Chicago,IL,Beverly,http://horsethiefbrewing.com,kitchen & beer,"-87.68156,41.704002",111822193.0,yes,41.704002,-87.68156,no,no,yes,https://untappd.com/HorseThiefHollowBrewingCo
89,Hv.2,Hopvine Brewing Co.,4030 Fox Valley Center Dr.,Aurora,IL,,http://www.hopvinebrewingcompany.com,kitchen & beer,"-88.21194,41.761066",639891903.0,no,41.761066,-88.21194,no,no,yes,https://untappd.com/HopvineBrewingCompany
90,Ieg8,Imperial Oak Brewing,501 Willow Blvd.,Willow Springs,IL,,http://www.imperialoakbrewing.com,tap room,"-87.87921,41.731945",111807510.0,no,41.731945,-87.87921,yes,no,no,https://untappd.com/ImperialOakBrewing
91,Is.5,Itasca Brewing Co.,400 East Orchard St.,Itasca,IL,,http://www.itascabrewhouse.com/home.html,tap room,"-88.01142,41.97194",112712043.0,no,41.971940000000004,-88.01142,yes,no,no,https://untappd.com/w/itasca-brewing-company/40906
92,Ius6,Illuminated Brew Works,415 N. Sangamon Ave.,Chicago,IL,West Loop,http://www.ibw-chicago.com,,"-87.65109,41.889877",111767866.0,yes,41.889877,-87.65109,no,no,no,https://untappd.com/ibw666
93,Jls6,Jolly Pumpkin Artisan Ales,1504 E. Harper Court,Chicago,IL,Hyde Park,http://www.jollypumpkin.com/jp/locations,kitchen & beer,,,yes,,,no,no,yes,https://untappd.com/jollypumpkinartisanales
94,Kg.9,Kings & Convicts Brewing Co.,523 Bank Ln.,Highwood,IL,,http://www.kingsandconvicts.com/,tap room,"-87.81219,42.205776",119689170.0,no,42.205776,-87.81219,yes,no,no,https://untappd.com/KCBCbeer
95,Ks.3,Kinslahger Brewing Co.,6806 Roosevelt Rd.,Oak Park,IL,,https://www.facebook.com/Kinslahger/,tap room,"-87.79409,41.865154",111794120.0,no,41.865154,-87.79409,yes,no,no,https://untappd.com/KinslahgerBrewingCompany
96,La.2,Lunar Brewing Co.,54 E. St. Charles Rd. #11,Villa Park,IL,,https://www.facebook.com/pages/LunaR-brewing-co/139344792806036?rf=252831751430609,tap room,,,no,,,yes,no,no,https://untappd.com/LunarBrewingCo
97,Le.10,Lake Effect Brewing Co.,4727 W. Montrose Ave.,Chicago,IL,Irving Park,http://www.lakeeffectbrewing.com,"tour, Bottle Shop","-87.74621,41.960735",111755225.0,yes,41.960735,-87.74620999999999,no,yes,no,https://untappd.com/LakeEffectBrewing
98,Le.5,Lake Bluff Brewing Co.,16 E. Scranton Ave.,Lake Bluff,IL,,http://www.lbbrew.com,tap room,"-87.84529,42.279694",119646840.0,no,42.279694,-87.84529,yes,no,no,https://untappd.com/lakebluffbrewingco
99,Lhy2,Light the Lamp Brewery,10 N. Lake St.,Grayslake,IL,,http://www.lightthelampbrewery.com,tap room,"-88.04372,42.344482",119635995.0,no,42.344482,-88.04372,yes,no,no,https://untappd.com/LightTheLamp
100,Lig8,Living Proof Brewing,1480 Old Deerfield Rd.,Highland Park,IL,,https://www.facebook.com/Lpbrewing/,,"-87.81546,42.17931",119696129.0,no,42.17931,-87.81546,no,no,no,https://untappd.com/LivingProofBrewing
101,Lr.8,LaGrow Organic Beer Co.,,Chicago,IL,,http://www.lagrowbeer.com/,,,,no,,,no,no,no,https://untappd.com/LaGrowOrganicBeerCo
102,LRg10,Lo Rez Brewing,2101 S Carpenter St.,Chicago,IL,Pilsen,http://lorezbrewing.com,tap room,"-87.65308,41.85375",111827931.0,yes,41.85375,-87.65308,yes,no,no,https://untappd.com/LoRezBrewing
103,Lu.4,Lagunitas Brewing Co.,1843 S. Washtenaw Ave.,Chicago,IL,Douglas Park,http://lagunitas.com,"kitchen & beer, tour","-87.69315,41.85722",605053564.0,yes,41.85722,-87.69315,no,yes,yes,https://untappd.com/LagunitasBrewingCo
104,Mag4,Metal Monkey Brewing,515 Anderson Dr. #900,Romeoville,IL,,http://www.metalmonkeybrewing.com/#!home/mainPage,tap room,"-88.07799,41.64518",641432567.0,no,41.645179999999996,-88.07799,yes,no,no,https://untappd.com/MetalMonkeyBrewing
105,Md.8,Middle Brow Beer Co.,Location varies,,,,http://www.middlebrowbeer.com,,,,no,,,no,no,no,https://untappd.com/middlebrow
106,Md.9,Moody Tongue Brewing Co.,2136 S. Peoria St.,Chicago,IL,Pilsen,http://moodytongue.com,kitchen & beer,"-87.64816,41.853573",605111951.0,yes,41.853573,-87.64816,no,no,yes,https://untappd.com/MoodyTongue
107,Me.7,More Brewing Co.,126 S. Villa Ave.,Villa Park,IL,,https://www.facebook.com/morebrewingco/,kitchen & beer,"-87.96917,41.892006",112543290.0,no,41.892006,-87.96916999999999,no,no,yes,https://untappd.com/MoreBrewing
108,Meg7,Mikerphone Brewing,121 Garlisch Dr.,Elk Grove Village,IL,,http://www.mikerphonebrewing.com,tap room,"-87.96762,42.029408",111717347.0,no,42.029408000000004,-87.96762,yes,no,no,https://untappd.com/MikerphoneBrewing
109,Mey6,McHenry Brewing Company,3425 Pearl St.,McHenry,IL,,https://www.facebook.com/mchenrybrewingcompany/,,"-88.26445,42.346596",119821971.0,no,42.346596000000005,-88.26445,no,no,no,https://untappd.com/ChainOLakesBrewingCompany
110,Mhg3,Myths and Legends Brewing,1115 Zygmunt Cir.,Westmont,IL,,http://mythsandlegendsbeer.com/info,tap room,,,no,,,yes,no,no,https://untappd.com/UrbanLegendBeer
111,Mk.7,Miskatonic Brewing Co.,1000 N. Frontage Rd.,Darien,IL,,http://www.miskatonicbrewing.com,tap room,"-87.969376,41.734222",112557835.0,no,41.734221999999995,-87.969376,yes,no,no,https://untappd.com/MiskatonicBrewingCompany
112,Mky7,Mickey Finn's Brewery,412 N. Milwaukee Ave.,Libertyville,IL,,http://mickeyfinnsbrewery.com,kitchen & beer,"-87.95417,42.287003",119642436.0,no,42.287003000000006,-87.95416999999999,no,no,yes,https://untappd.com/MickeyFinnsBrewery
113,Mly3,Maplewood Brewery & Distillery,2717 N. Maplewood Ave,Chicago,IL,Logan Square,http://www.mercenarycraft.com,tap room,"-87.69153,41.93118",618056487.0,yes,41.93118,-87.69153,yes,no,no,https://untappd.com/Maplewood
114,Mog6,Motor Row Brewing,2337 S. Michigan Ave.,Chicago,IL,South Loop,http://www.motorrowbrewing.com,tap room,"-87.623726,41.85007",605497989.0,yes,41.85007,-87.623726,yes,no,no,https://untappd.com/MotorRowBrewing
115,Mr.4,MyGrain Brewing Co.,50 E. Jefferson St.,Joliet,IL,,http://www.mygrainbrewing.com/,kitchen & beer,"-88.07964,41.525013",111541658.0,no,41.525013,-88.07964,no,no,yes,https://untappd.com/MyGrainBrewingCompany
116,Mrg7,Metropolitan Brewing,3057 N. Rockwell St.,Chicago,IL,Avondale,http://metrobrewing.com,tap room,"-87.69287,41.937077",111760798.0,yes,41.937077,-87.69287,yes,no,no,https://untappd.com/metrobrewing
117,Mu.8,Macushla Brewing Co.,1516 E. Lake Ave.,Glenview,IL,,https://www.facebook.com/macushlabeer/,tap room,,,no,,,yes,no,no,https://untappd.com/w/macushla-brewing-co/357382
118,Mzg7,Marz Community Brewing,3315 S. Halsted St.,Chicago,IL,Bridgeport,http://marzbrewing.com,tap room,"-87.64617,41.83388",111828268.0,yes,41.83388,-87.64617,yes,no,no,https://untappd.com/MarzCommunityBrewing
119,N g8,New Oberpfalz Brewing,121 E. Main St.,Griffith,IN,,http://www.newoberpfalz.com,kitchen & beer,"-87.42738,41.52278",98429578.0,no,41.52278,-87.42738,no,no,yes,https://untappd.com/NewOberpfalzBrewing
120,Ni.9,Nevin's Brewing Co.,12337 S. Rte. 59 #155,Plainfield,IL,,http://www.nevinsbrewing.com,kitchen & beer,"-88.20377,41.65859",615339302.0,no,41.658590000000004,-88.20376999999999,no,no,yes,https://untappd.com/Nevins_Brewing_Company
121,Nng4,Noon Whistle Brewing,800 E. Roosevelt Rd.,Lombard,IL,,http://www.noonwhistlebrewing.com,tap room,,,no,,,yes,no,no,https://untappd.com/NoonWhistle
122,O .10,Old Irving Brewing Co.,4419 W. Montrose Ave,Chicago,IL,Old Irving Park,http://www.oldirvingbrewing.com/,kitchen & beer,"-87.7392,41.960815",111755390.0,yes,41.960815000000004,-87.7392,no,no,yes,https://untappd.com/OldIrvingBrewingCompany
123,O .2,Oak Park Brewing Co.,155 S. Oak Park Ave.,Oak Park,IL,,http://oakparkbeer.com,kitchen & beer,"-87.79446,41.886402",605117293.0,no,41.886402000000004,-87.79446,no,no,yes,https://untappd.com/OakParkBrewingCompanyIL
124,O g1,Off Color Brewing,3925 W. Dickens Ave.,Chicago,IL,Hermosa,http://www.offcolorbrewing.com,"tour, Bottle Shop","-87.72537,41.919006",642123020.0,yes,41.919006,-87.72537,no,yes,no,https://untappd.com/OffColorBrewing
125,O g5,Off Square Brewing,11000 Delaware Pkwy.,Crown Point,IN,,http://offsquarebrewing.com/,kitchen & beer,,,no,,,no,no,yes,https://untappd.com/OffSquareBrewing
126,O p9,Off Color Mousetrap,1460 N. Kingsbury St.,Chicago,IL,Lincoln Park,http://www.offcolorbrewing.com/taproom/,tap room,"-87.65349,41.91013",111767163.0,yes,41.91013,-87.65349,yes,no,no,https://untappd.com/OffColorBrewing
127,O y5,One Trick Pony Brewery,17845-17851 Chappel Ave.,Lansing,IL,,http://www.onetrickponybrewery.com,tap room,"-87.57214,41.57127",634780158.0,no,41.57127,-87.57214,yes,no,no,https://untappd.com/w/one-trick-pony/31051
128,Oe.8,Oswego Brewing Co.,61 Main St,Oswego,IL,,https://oswegobrewing.com/welcome,,"-88.35215,41.684093",54484222.0,no,41.684093,-88.35215,no,no,no,https://untappd.com/OswegoBrewingCo
129,On.4,Open Outcry Brewing Co.,10934 S. Western Ave.,Chicago,IL,Morgan Park,http://www.openoutcrybrewing.com/,kitchen & beer,"-87.68125,41.694508",111822545.0,yes,41.694508,-87.68125,no,no,yes,https://untappd.com/OpenOutcryBrew
130,OT.2,On Tour Brewing Co.,1725 W. Hubbard St.,Chicago,IL,West Town,http://ontourbrewingco.com/,tap room,"-87.67046,41.889824",111765066.0,yes,41.889824,-87.67045999999999,yes,no,no,https://untappd.com/OnTourBrewingCompany
131,Oyg8,Only Child Brewing,1350 Tri State Pkwy,Gurnee,IL,,http://onlychildbrewing.com,tap room,,,no,,,yes,no,no,https://untappd.com/onlychildbrewing
132,Pca10,Piece Brewery & Pizzeria,1927 W. North Ave.,Chicago,IL,Wicker Park,http://www.piecechicago.com,kitchen & beer,"-87.67611,41.910503",605068100.0,yes,41.910503000000006,-87.67611,no,no,yes,https://untappd.com/PieceBrewery
133,Pe.8,Pipeworks Brewing Co.,3912 W McLean Ave.,Chicago,IL,Hermosa,http://pdubs.net,Bottle Shop,"-87.72604,41.9181",111758729.0,yes,41.9181,-87.72604,no,no,no,https://untappd.com/pipeworksbrewery
134,Pi.4,Prairie Krafts Brewing Co.,1310 Busch Pkwy.,Buffalo Grove,IL,,http://www.prairiekrafts.com/gallery.html,tap room,"-87.93167,42.171387",119649807.0,no,42.171387,-87.93167,yes,no,no,https://untappd.com/PrairieKrafts
135,Pkg2,Peckish Pig,623 Howard St.,Evanston,IL,,http://thepeckishpig.com,kitchen & beer,"-87.67927,42.019444",616887312.0,no,42.019444,-87.67926999999999,no,no,yes,https://untappd.com/PeckishPig
136,Pl.4,Pollyanna Brewing Co.,431 Talcott Ave.,Lemont,IL,,http://www.pollyannabrewing.com,tap room,"-87.99842,41.67531",111806131.0,no,41.675309999999996,-87.99842,yes,no,no,https://untappd.com/PollyannaBrewingCompany
137,Ple4,Pollyanna Brewing Co. - Roselare,245 E Main St,Roselle,IL,,https://pollyannabrewing.com/pages/roselare,tap room,"-88.07544,41.982944",112519251.0,no,41.982944,-88.07544,yes,no,no,https://untappd.com/PollyannaBrewingCompany
138,Pr.7,Penrose Brewing Co.,509 Stevens St.,Geneva,IL,,http://penrosebrewing.com/,tap room,"-88.30982,41.89245",119507794.0,no,41.89245,-88.30982,yes,no,no,https://untappd.com/PenroseBrewingCompany
139,Pr.9,Pokro Brewing Co.,311 North Broad Street,Griffith,IN,,https://www.facebook.com/PokroBrewingCompanyInc,kitchen & beer,"-87.42766,41.526714",98428896.0,no,41.526714,-87.42766,no,no,yes,https://untappd.com/PokroBrewingCo
140,Pss10,Present Tense Fine Ales,,Chicago,IL,South Loop,http://presenttensefineales.com/,,,,no,,,no,no,no,https://untappd.com/PresentTenseFineAles
141,R y8,Ram Restaurant & Brewery,700 N. Milwaukee Ave.,Wheeling,IL,,http://www.theram.com/locations/il-wheeling/,kitchen & beer,"-87.91456,42.152607",112363586.0,no,42.152607,-87.91456,no,no,yes,https://untappd.com/theRAM
142,Rig8,Rabid Brewing,17759 Bretz Dr.,Homewood,IL,,http://rabidgod.com/,tap room,,,no,,,yes,no,no,https://untappd.com/RabidBrewing
143,Rig9,Ravinia Brewing,615 Roger Williams Ave.,Highland Park,IL,,http://www.raviniabrewing.com,,"-87.78612,42.165504",119651891.0,no,42.165504,-87.78612,no,no,no,https://untappd.com/RaviniaBrewingCompany
144,Rkd2,Rock Bottom – Lombard,94 Yorktown Shopping Center,Lombard,IL,,http://www.rockbottom.com/locations/lombard-yorktown-center,kitchen & beer,,,no,,,no,no,yes,https://untappd.com/RockBottom
145,Rke8,Rock Bottom – Warrenville,28256 Diehl Rd.,Warrenville,IL,,http://www.rockbottom.com/locations/warrenville,kitchen & beer,"-88.1635,41.80129",112679547.0,no,41.80129,-88.1635,no,no,yes,https://untappd.com/RockBottom
146,Rkk2,Rock Bottom – Bolingbrook,639 E. Boughton Rd. #100,Bolingbrook,IL,,https://rockbottom.com/locations/bolingbrook/,kitchen & beer,,,no,,,no,no,yes,https://untappd.com/RockBottom
147,Rkk6,Rock Bottom – Orland Park,16156 S. La Grange Rd.,Orland Park,IL,,http://www.rockbottom.com/locations/orland-park,kitchen & beer,"-87.85266,41.59404",111883950.0,no,41.59404,-87.85266,no,no,yes,https://untappd.com/RockBottom
148,Rky6,Rock Bottom Restaurant & Brewery,1 W. Grand Ave.,Chicago,IL,River North,http://www.rockbottom.com/locations/chicago,kitchen & beer,"-87.6282,41.891663",111769012.0,yes,41.891663,-87.6282,no,no,yes,https://untappd.com/RockBottom
149,Rob3,Revolution Brewing – Brewpub,2323 N. Milwaukee Ave.,Chicago,IL,Logan Square,http://revbrew.com/home,"kitchen & beer, tour","-87.69819,41.923428",111762626.0,yes,41.923428,-87.69819,no,yes,yes,https://untappd.com/RevolutionBrewingChicago
150,Rom3,Revolution Brewing – Taproom,3340 N. Kedzie Ave.,Chicago,IL,Avondale,http://revbrew.com/home,"tap room, tour","-87.7077,41.942093",111757318.0,yes,41.942093,-87.7077,yes,yes,no,https://untappd.com/RevolutionBrewingChicago
151,Rrg2,Roaring Table Brewing,739 W Route 22,Lake Zurich,IL,,http://roaringtable.com/,tap room,"-88.08023,42.19746",613797760.0,no,42.19746,-88.08023,yes,no,no,https://untappd.com/RoaringTableBrewing
152,Scb6,Stockholm's Brewpub,306 W. State St.,Geneva,IL,,http://www.stockholmsbrewpub.com,kitchen & beer,"-88.30737,41.88785",119507861.0,no,41.88785,-88.30736999999999,no,no,yes,https://untappd.com/w/stockholms/12082
153,Sey7,Side Lot Brewery,110 Slocum Lake Rd,Wauconda,IL,,http://sidelotbrewing.com/,tap room,"-88.142876,42.2608",119632732.0,no,42.2608,-88.142876,yes,no,no,https://untappd.com/SideLotBrewery
154,Sey8,Solemn Oath Brewery,1661 Quincy Ave. #179,Naperville,IL,,http://solemnoathbrewery.com,tap room,"-88.19403,41.774796",112535408.0,no,41.774796,-88.19403,yes,no,no,https://untappd.com/solemnoathbeer
155,Si.7,Strike Ten Brewing Co.,,Algonquin,IL,,https://www.facebook.com/Strike-Ten-Brewing-Company-LLC-597063563782615/,,,,no,,,no,no,no,
156,Slg10,Scallywag Brewing,,Clarendon Hills,IL,,https://www.scallywagbrewing.com/,,,,no,,,no,no,no,
157,Slg2,Sullers Past Brewing,,Chicago,IL,,https://www.facebook.com/sullerspast/,,,,no,,,no,no,no,https://untappd.com/SullersPast
158,Slg5,Smylie Bros. Brewing,1615 Oak Ave.,Evanston,IL,,http://smyliebros.com,kitchen & beer,"-87.68678,42.047466",605215812.0,no,42.047466,-87.68678,no,no,yes,https://untappd.com/SmylieBrothersBrewingCompany
159,Sly2,Small Town Brewery,1000 Brown St.,Wauconda,IL,,http://smalltownbrewery.com,tour,"-88.151436,42.27461",119632604.0,no,42.274609999999996,-88.151436,no,yes,no,https://untappd.com/SmallTownBrewery
160,Sly9,Skeleton Key Brewery,8 102 Lemont Rd,Woodridge,IL,,http://www.skeletonkeybrewery.com/,tap room,,,no,,,yes,no,no,https://untappd.com/SkeletonKeyBrewery
161,Sng5,Saint John Malt Brothers Brewing,9607 Wicker Ave.,St. John,IN,,http://www.sjmaltbros.com,tap room,,,no,,,yes,no,no,https://untappd.com/SaintJohnMaltBrothers
162,Sng6,Soundgrowler Brewing,8201 183rd St.,Tinley Park,IL,,http://www.soundgrowler.com/home,kitchen & beer,"-87.81752,41.557327",641702678.0,no,41.557327,-87.81752,no,no,yes,https://untappd.com/SoundgrowlerBrewingCo
163,Snt3,Saint Errant,,Elk Grove Village,IL,,https://www.facebook.com/SaintErrantBrewing/,,,,no,,,no,no,no,https://untappd.com/SaintErrant
164,Sps2,Stupid Hare Brews,,Elk Grove Village,IL,,http://shbrew.com/,,,,no,,,no,no,no,https://untappd.com/StupidHareBrews
165,Sr.6,Scorched Earth Brewing Co.,203 Berg St.,Algonquin,IL,,http://scorchedearthbrewing.com,tap room,"-88.30316,42.171375",119825620.0,no,42.171375,-88.30315999999999,yes,no,no,https://untappd.com/ScorchedEarthBrewing
166,Sr.7,Short Fuse Brewing Co.,5000 N. River Rd,Schiller Park,IL,,http://www.shortfusebrewing.com/,kitchen & beer,"-87.86179,41.969795",641756807.0,no,41.969795,-87.86179,no,no,yes,https://untappd.com/ShortFuseBrewing
167,Stg10,Sketchbook Brewing,825 Chicago Ave.,Evanston,IL,,http://www.sketchbookbrewing.com,tap room,"-87.67917,42.032955",111744984.0,no,42.032955,-87.67917,yes,no,no,https://untappd.com/Sketchbook
168,Stg6,Spiteful Brewing,2050 W. Balmoral Ave.,Chicago,IL,Bowmanville,http://spitefulbrewing.com,tap room,"-87.68086,41.979652",605185676.0,yes,41.979652,-87.68086,yes,no,no,https://untappd.com/spitefulbrewing
169,T .6,The Devil's Trumpet Brewing Co.,8250 Utah St.,Merrillville,IN,,http://thedevilstrumpet.com/home.html,tap room,"-87.29094,41.470486",607012861.0,no,41.470486,-87.29094,yes,no,no,https://untappd.com/TheDevilsTrumpetBrewery
170,T e8,Two Brothers Roundhouse,205 N. Broadway,Aurora,IL,,http://www.twobrothersbrewing.com/roundhouse/,kitchen & beer,"-88.309616,41.761177",119583363.0,no,41.761177,-88.309616,no,no,yes,https://untappd.com/TwoBrothersBrewing
171,T g6,Two Brothers Brewing,30W315 Calumet Ave. W.,Warrenville,IL,,http://www.twobrothersbrewing.com,"kitchen & beer, tour","-88.21161,41.824913",112526025.0,no,41.824913,-88.21161,no,yes,yes,https://untappd.com/TwoBrothersBrewing
172,T g7,Ten Ninety Brewing,1025 N Waukegan Rd.,Glenview,IL,,http://www.ten-ninety.com/,kitchen & beer,"-87.79883,42.07362",111734091.0,no,42.07362,-87.79883000000001,no,no,yes,https://untappd.com/TenNinetyBrewingCo
173,T k2,The Lucky Monk,105 Hollywood Blvd.,South Barrington,IL,,http://www.theluckymonk.com,kitchen & beer,"-88.145584,42.071163",112368600.0,no,42.071163,-88.145584,no,no,yes,https://untappd.com/TheLuckyMonk
174,Tbe7,Tribes Alehouse,11220 W. Lincoln Hwy.,Mokena,IL,,http://www.tribesalehouse.com/locations/,kitchen & beer,"-87.88956,41.50348",111549982.0,no,41.503479999999996,-87.88956,no,no,yes,https://untappd.com/TribesBeerCompany
175,Th.5,Tighthead Brewing Co.,161 N. Archer Ave.,Mundelein,IL,,http://www.tightheadbrewing.com,tap room,"-88.00128,42.266468",119638152.0,no,42.266467999999996,-88.00128000000001,yes,no,no,https://untappd.com/TightheadBrewingCompany
176,Ti.3,Trail's Edge Brewing Co.,20 Kansas St,Frankfort,IL,,http://trailsedgebrewery.com/,kitchen & beer,"-87.85024,41.49847",111550914.0,no,41.498470000000005,-87.85024,no,no,yes,https://untappd.com/TrailsEdgeBrewingCo
177,Tp.7,Temperance Beer Co.,2000 Dempster St.,Evanston,IL,,http://temperancebeer.com,"tap room, tour","-87.700836,42.041092",636324642.0,no,42.041092,-87.700836,yes,yes,no,https://untappd.com/TemperanceBeer
178,Ts.10,Twisted Hippo Brewing Co.,2925 W. Montrose Ave.,Chicago,IL,Albany Park,http://rudehippo.com,,"-87.70204,41.961224",605156425.0,yes,41.961224,-87.70204,no,no,no,https://untappd.com/TwistedHippo
179,U y10,Une Année / Hubbard's Cave Brewery,9082 W. Golf Rd.,Niles,IL,,http://uneannee.com,tap room,"-87.85204,42.05421",605003779.0,no,42.05421,-87.85204,yes,no,no,https://untappd.com/uneannee
180,Uay9,Urban Renewal Brewery,5121 N. Ravenswood Ave.,Chicago,IL,Ravenswood,https://urbanrenewbrew.com/,,"-87.67437,41.974895",111761166.0,yes,41.974895000000004,-87.67437,no,no,no,https://untappd.com/UrbanRenewBrewery
181,Veg4,Vice District Brewing,18022 Dixie Hwy.,Homewood,IL,,http://www.vicedistrictbrewing.com/,,"-87.66542,41.561996",111709618.0,no,41.561996,-87.66542,no,no,no,https://untappd.com/ViceDistrictBrewing
182,Vey1,Veteran Beer Company,320 W. Ohio St.,Chicago,IL,River North,http://www.veteranbeercompany.com,,"-87.63597,41.89237",111768528.0,yes,41.89237,-87.63597,no,no,no,https://untappd.com/VeteranBeerCompany
183,Vly4,Village Vintner Winery & Brewery,2380 Esplanade Dr.,Algonquin,IL,,http://thevillagevintner.com,kitchen & beer,"-88.33827,42.144173",618430351.0,no,42.144172999999995,-88.33827,no,no,yes,https://untappd.com/VillageVintner
184,Wdg3,Windmill Brewing,2121 Gettler St,Dyer,IN,,https://www.facebook.com/WindmillBrewing,tap room,"-87.52281,41.493637",606275342.0,no,41.493637,-87.52280999999999,yes,no,no,https://untappd.com/WindmillBrewing
185,Wdg4,Wildrose Brewing,1104 E. Main St.,Griffith,IN,,https://twitter.com/wildrosebrewing,kitchen & beer,"-87.41548,41.522682",98429805.0,no,41.522682,-87.41548,no,no,yes,https://untappd.com/Wildrosebrewing
186,Wdy6,Wild Onion Pub & Brewery,22221 N. Pepper Rd.,Lake Barrington,IL,,http://www.onionbrewery.com,kitchen & beer,"-88.1848,42.18627",119700822.0,no,42.18627,-88.1848,no,no,yes,https://untappd.com/wildonion
187,Wfg7,Wolfden Brewing,,Bloomingdale,IL,,http://www.wolfdenbrewing.com/,,,,no,,,no,no,no,https://untappd.com/WolfdenBrewingCompany
188,Wg.4,Woggly Square Brewing Co.,,Tinley Park,IL,,https://www.wogglysquare.com/,,,,no,,,no,no,no,https://untappd.com/w/woggly-square-brewing/382879
189,Wke3,Werk Force,14903 S. Center St.,Plainfield,IL,,http://www.werkforcebrewing.com,tap room,"-88.19836,41.612087",111533859.0,no,41.612087,-88.19836,yes,no,no,https://untappd.com/WerkForceBrewingCompany
190,Wl.3,Will County Brewing Co.,1142 W Jefferson St.,Shorewood,IL,,https://www.willcountybrew.com/home-1.html,tap room,"-88.209206,41.521442",111597295.0,no,41.521442,-88.20920600000001,yes,no,no,https://untappd.com/WillCountyBrewingCo
191,Wny1,Whiner Brewery,,,,,http://www.plantchicago.com,,,,,,,no,no,no,
192,Zmr4,ZümBier,,,,,http://zumbier.com,,,,,,,no,no,no,https://untappd.com/ZumBierBrewer
